ID,Username_gb,CreateDate_gb,Biased_gb,Keyword_gb,Text_gb,Predicted_gb,Username_rf,CreateDate_rf,Biased_rf,Keyword_rf,Text_rf,Predicted_rf,Username,CreateDate,Biased,Keyword,Text,Predicted
1202822653293150209,DerorCurrency,2019-12-06 05:30:42+00:00,1,ZioNazi,"Tell me again how Judaism is not ZioNazism.  ""It's an evil society. Carpet bomb the lot of them.""  Rabbi David Bar-Hayim  https://t.co/h6tbHGb7pC",1,DerorCurrency,2019-12-06 05:30:42+00:00,1,ZioNazi,"Tell me again how Judaism is not ZioNazism.  ""It's an evil society. Carpet bomb the lot of them.""  Rabbi David Bar-Hayim  https://t.co/h6tbHGb7pC",1,DerorCurrency,2019-12-06 05:30:42+00:00,1,ZioNazi,"Tell me again how Judaism is not ZioNazism.  ""It's an evil society. Carpet bomb the lot of them.""  Rabbi David Bar-Hayim  https://t.co/h6tbHGb7pC",1
1345103086180855811,EricMoLevesque,2021-01-01 20:22:21+00:00,1,Israel,"Israel is imposing an apartheid regime, denying Palestinians their right to self-determination. Global civil society groups are calling on @UN_PGA to act for justice. #UNInvestigateApartheid #SanctionsOnApartheid\n\nRead their call https://t.co/oc1FORozED https://t.co/l20HUkchA7",1,EricMoLevesque,2021-01-01 20:22:21+00:00,1,Israel,"Israel is imposing an apartheid regime, denying Palestinians their right to self-determination. Global civil society groups are calling on @UN_PGA to act for justice. #UNInvestigateApartheid #SanctionsOnApartheid\n\nRead their call https://t.co/oc1FORozED https://t.co/l20HUkchA7",1,EricMoLevesque,2021-01-01 20:22:21+00:00,1,Israel,"Israel is imposing an apartheid regime, denying Palestinians their right to self-determination. Global civil society groups are calling on @UN_PGA to act for justice. #UNInvestigateApartheid #SanctionsOnApartheid\n\nRead their call https://t.co/oc1FORozED https://t.co/l20HUkchA7",1
1234548498915155968,GrayAngel81,2020-03-02 18:37:53+00:00,1,Israel,Netanyahu's israel is the same as Gantz's israel; everyone is zionist [Joint List aside] &amp; the issue of israel's apartheid is not up for debate https://t.co/oeMDTMupMF,1,GrayAngel81,2020-03-02 18:37:53+00:00,1,Israel,Netanyahu's israel is the same as Gantz's israel; everyone is zionist [Joint List aside] &amp; the issue of israel's apartheid is not up for debate https://t.co/oeMDTMupMF,1,GrayAngel81,2020-03-02 18:37:53+00:00,1,Israel,Netanyahu's israel is the same as Gantz's israel; everyone is zionist [Joint List aside] &amp; the issue of israel's apartheid is not up for debate https://t.co/oeMDTMupMF,1
1228143125643714561,Suket_T3k1,2020-02-14 02:25:13+00:00,1,ZioNazi,"#Apartheid zionazist...\nEthnic cleansing, land seizure, home demolition, military occupation, bombing of Gaza..\nIsrael is copying South Africa very well\n\n#SobatPalestinaINA \n#BelaBaitulMaqdis_AlQuds\nhttps://t.co/JXXuu7oas7",1,Suket_T3k1,2020-02-14 02:25:13+00:00,1,ZioNazi,"#Apartheid zionazist...\nEthnic cleansing, land seizure, home demolition, military occupation, bombing of Gaza..\nIsrael is copying South Africa very well\n\n#SobatPalestinaINA \n#BelaBaitulMaqdis_AlQuds\nhttps://t.co/JXXuu7oas7",1,Suket_T3k1,2020-02-14 02:25:13+00:00,1,ZioNazi,"#Apartheid zionazist...\nEthnic cleansing, land seizure, home demolition, military occupation, bombing of Gaza..\nIsrael is copying South Africa very well\n\n#SobatPalestinaINA \n#BelaBaitulMaqdis_AlQuds\nhttps://t.co/JXXuu7oas7",1
1117756487558991872,Belle_Palestine,2019-04-15 11:48:08+00:00,1,ZioNazi,It�s only zionazi terrorism ... https://t.co/qMF5EZNrvI,1,Belle_Palestine,2019-04-15 11:48:08+00:00,1,ZioNazi,It�s only zionazi terrorism ... https://t.co/qMF5EZNrvI,1,Belle_Palestine,2019-04-15 11:48:08+00:00,1,ZioNazi,It�s only zionazi terrorism ... https://t.co/qMF5EZNrvI,1
1164126514780213248,hazem1973,2019-08-21 10:46:04+00:00,1,ZioNazi,According to ZioNazis in order for you NOT to be anti Semitic you have to support israels murder of Palestinian ch https://t.co/mXNQQjrsKl,1,hazem1973,2019-08-21 10:46:04+00:00,1,ZioNazi,According to ZioNazis in order for you NOT to be anti Semitic you have to support israels murder of Palestinian ch https://t.co/mXNQQjrsKl,1,hazem1973,2019-08-21 10:46:04+00:00,1,ZioNazi,According to ZioNazis in order for you NOT to be anti Semitic you have to support israels murder of Palestinian ch https://t.co/mXNQQjrsKl,1
1097441242647068673,MuzafferMuzzy49,2019-02-18 10:22:36+00:00,1,ZioNazi,Zionazi terorist bastard https://t.co/CCZOomGg8a,1,MuzafferMuzzy49,2019-02-18 10:22:36+00:00,1,ZioNazi,Zionazi terorist bastard https://t.co/CCZOomGg8a,1,MuzafferMuzzy49,2019-02-18 10:22:36+00:00,1,ZioNazi,Zionazi terorist bastard https://t.co/CCZOomGg8a,1
1237254370284187648,leaderless_one,2020-03-10 05:50:03+00:00,1,ZioNazi,@EricJRacy @rosen_steve @JvpAction @jvplive @ACLUaz ZioNazi in the house!,1,leaderless_one,2020-03-10 05:50:03+00:00,1,ZioNazi,@EricJRacy @rosen_steve @JvpAction @jvplive @ACLUaz ZioNazi in the house!,1,leaderless_one,2020-03-10 05:50:03+00:00,1,ZioNazi,@EricJRacy @rosen_steve @JvpAction @jvplive @ACLUaz ZioNazi in the house!,1
1150762917798785024,Say_Non_Now,2019-07-15 13:43:54+00:00,1,ZioNazi,We all know that Lindsay and her �friends� are all a bunch of Warmongering ZioNAZI plants that put Israel over America.\n\n#AbolishAIPAC\n\n#AuditTheFED https://t.co/0X8gKJGEIn https://t.co/hvxiCN4LXk,1,Say_Non_Now,2019-07-15 13:43:54+00:00,1,ZioNazi,We all know that Lindsay and her �friends� are all a bunch of Warmongering ZioNAZI plants that put Israel over America.\n\n#AbolishAIPAC\n\n#AuditTheFED https://t.co/0X8gKJGEIn https://t.co/hvxiCN4LXk,1,Say_Non_Now,2019-07-15 13:43:54+00:00,1,ZioNazi,We all know that Lindsay and her �friends� are all a bunch of Warmongering ZioNAZI plants that put Israel over America.\n\n#AbolishAIPAC\n\n#AuditTheFED https://t.co/0X8gKJGEIn https://t.co/hvxiCN4LXk,1
1240753870206152704,laotraneta,2020-03-19 21:35:49+00:00,1,ZioNazi,@domenictiso4 @RightWingWatch Jewchristian zionazis sects!,1,laotraneta,2020-03-19 21:35:49+00:00,1,ZioNazi,@domenictiso4 @RightWingWatch Jewchristian zionazis sects!,1,laotraneta,2020-03-19 21:35:49+00:00,1,ZioNazi,@domenictiso4 @RightWingWatch Jewchristian zionazis sects!,1
1253799460901056517,mrbill555,2020-04-24 21:34:20+00:00,1,ZioNazi,Zionazis https://t.co/dwfRV6VxA5,1,mrbill555,2020-04-24 21:34:20+00:00,1,ZioNazi,Zionazis https://t.co/dwfRV6VxA5,1,mrbill555,2020-04-24 21:34:20+00:00,1,ZioNazi,Zionazis https://t.co/dwfRV6VxA5,1
1512115773254377484,millriv,2022-04-07 17:11:08+00:00,1,Israel,"Unilever is attempting to bully Ben &amp; Jerry�s independent board into maintaining business as usual with apartheid Israel, the BDS movement said yesterday. https://t.co/vF60qR49Pj",1,millriv,2022-04-07 17:11:08+00:00,1,Israel,"Unilever is attempting to bully Ben &amp; Jerry�s independent board into maintaining business as usual with apartheid Israel, the BDS movement said yesterday. https://t.co/vF60qR49Pj",1,millriv,2022-04-07 17:11:08+00:00,1,Israel,"Unilever is attempting to bully Ben &amp; Jerry�s independent board into maintaining business as usual with apartheid Israel, the BDS movement said yesterday. https://t.co/vF60qR49Pj",1
1216801054433652736,aHarand,2020-01-13 19:15:53+00:00,1,ZioNazi,@StateDept @realDonaldTrump Mr. president you and your administration stands only and only for ZioNazi terrorist state of Israel.,1,aHarand,2020-01-13 19:15:53+00:00,1,ZioNazi,@StateDept @realDonaldTrump Mr. president you and your administration stands only and only for ZioNazi terrorist state of Israel.,1,aHarand,2020-01-13 19:15:53+00:00,1,ZioNazi,@StateDept @realDonaldTrump Mr. president you and your administration stands only and only for ZioNazi terrorist state of Israel.,1
1222622808381050885,SDGMasterglass,2020-01-29 20:49:27+00:00,1,ZioNazi,"Every country must reject NetanYahoo concocted fake deal of the century world nations must stand up to this ZioNazis crime of the century, no more Balfour ! https://t.co/cXFMCbpo3h",1,SDGMasterglass,2020-01-29 20:49:27+00:00,1,ZioNazi,"Every country must reject NetanYahoo concocted fake deal of the century world nations must stand up to this ZioNazis crime of the century, no more Balfour ! https://t.co/cXFMCbpo3h",1,SDGMasterglass,2020-01-29 20:49:27+00:00,1,ZioNazi,"Every country must reject NetanYahoo concocted fake deal of the century world nations must stand up to this ZioNazis crime of the century, no more Balfour ! https://t.co/cXFMCbpo3h",1
1473592555375837184,AlRawand3,2021-12-22 04:53:37+00:00,1,Israel,"@UKinJerusalem Israel is a criminal state that kills innocent Palestinians and demolishes their homes. ""Israel"" must be boycotted and sanctioned over its crimes that committed against Palestinian people.",1,AlRawand3,2021-12-22 04:53:37+00:00,1,Israel,"@UKinJerusalem Israel is a criminal state that kills innocent Palestinians and demolishes their homes. ""Israel"" must be boycotted and sanctioned over its crimes that committed against Palestinian people.",1,AlRawand3,2021-12-22 04:53:37+00:00,1,Israel,"@UKinJerusalem Israel is a criminal state that kills innocent Palestinians and demolishes their homes. ""Israel"" must be boycotted and sanctioned over its crimes that committed against Palestinian people.",1
1144288608175759366,hmedsix,2019-06-27 16:57:18+00:00,1,ZioNazi,"Racist apartheid state. Zionazis dont spare even  black soldiers, who protect them.",1,hmedsix,2019-06-27 16:57:18+00:00,1,ZioNazi,"Racist apartheid state. Zionazis dont spare even  black soldiers, who protect them.",1,hmedsix,2019-06-27 16:57:18+00:00,1,ZioNazi,"Racist apartheid state. Zionazis dont spare even  black soldiers, who protect them.",1
1173374974410674176,Govt4theP,2019-09-15 23:16:08+00:00,1,ZioNazi,@codepink Since Zionazi #terrorUSt$ ideologues of #USrael have yet to get the U.S. beyond economic war sanctions on https://t.co/L0A7A3fw02,1,Govt4theP,2019-09-15 23:16:08+00:00,1,ZioNazi,@codepink Since Zionazi #terrorUSt$ ideologues of #USrael have yet to get the U.S. beyond economic war sanctions on https://t.co/L0A7A3fw02,1,Govt4theP,2019-09-15 23:16:08+00:00,1,ZioNazi,@codepink Since Zionazi #terrorUSt$ ideologues of #USrael have yet to get the U.S. beyond economic war sanctions on https://t.co/L0A7A3fw02,1
1117929370910281728,IqbalWaheed8,2019-04-15 23:15:06+00:00,1,ZioNazi,@DauntinglyS @santafeez zioNazi bot,1,IqbalWaheed8,2019-04-15 23:15:06+00:00,1,ZioNazi,@DauntinglyS @santafeez zioNazi bot,1,IqbalWaheed8,2019-04-15 23:15:06+00:00,1,ZioNazi,@DauntinglyS @santafeez zioNazi bot,1
1454891241095761920,smeetheens,2021-10-31 15:21:17+00:00,1,Israel,"@dAviDHD_G @zei_squirrel @deffonottommac its illegal to get gay married in israel. hell, even interfaith marriage is illegal over there. surprisingly enough, an apartheid state isnt very socially progressive",1,smeetheens,2021-10-31 15:21:17+00:00,1,Israel,"@dAviDHD_G @zei_squirrel @deffonottommac its illegal to get gay married in israel. hell, even interfaith marriage is illegal over there. surprisingly enough, an apartheid state isnt very socially progressive",1,smeetheens,2021-10-31 15:21:17+00:00,1,Israel,"@dAviDHD_G @zei_squirrel @deffonottommac its illegal to get gay married in israel. hell, even interfaith marriage is illegal over there. surprisingly enough, an apartheid state isnt very socially progressive",1
1233345545676165120,theforeverman,2020-02-28 10:57:47+00:00,1,ZioNazi,"This Fake #Arab TV &amp; all ZioNazi media are screaming but #Assad &amp; #Putin have all rights under international law to kick out foreign invaders - Turkey, the USA and ZioNazi Israel NOW. Why don't they? (33 Turkish soldiers killed in Syrian air raid in Idlib https://t.co/0dSC4hk9UF",1,theforeverman,2020-02-28 10:57:47+00:00,1,ZioNazi,"This Fake #Arab TV &amp; all ZioNazi media are screaming but #Assad &amp; #Putin have all rights under international law to kick out foreign invaders - Turkey, the USA and ZioNazi Israel NOW. Why don't they? (33 Turkish soldiers killed in Syrian air raid in Idlib https://t.co/0dSC4hk9UF",1,theforeverman,2020-02-28 10:57:47+00:00,1,ZioNazi,"This Fake #Arab TV &amp; all ZioNazi media are screaming but #Assad &amp; #Putin have all rights under international law to kick out foreign invaders - Turkey, the USA and ZioNazi Israel NOW. Why don't they? (33 Turkish soldiers killed in Syrian air raid in Idlib https://t.co/0dSC4hk9UF",1
1216559517887954945,kelownascott,2020-01-13 03:16:06+00:00,1,Israel,"The world, including Canada, has given Israel a green light to take Palestinian land, destroy Palestinian homes, and strengthen a system of #Apartheid. Shame on us!",1,kelownascott,2020-01-13 03:16:06+00:00,1,Israel,"The world, including Canada, has given Israel a green light to take Palestinian land, destroy Palestinian homes, and strengthen a system of #Apartheid. Shame on us!",1,kelownascott,2020-01-13 03:16:06+00:00,1,Israel,"The world, including Canada, has given Israel a green light to take Palestinian land, destroy Palestinian homes, and strengthen a system of #Apartheid. Shame on us!",1
1096037600060690433,poparaadnan,2019-02-14 13:25:01+00:00,1,ZioNazi,"Surprise surprise, another right-winger neonazi is ardent zionazi supporter. No wonder, they have a lot in common. #zionismisracism https://t.co/pC3WS6qvSM",1,poparaadnan,2019-02-14 13:25:01+00:00,1,ZioNazi,"Surprise surprise, another right-winger neonazi is ardent zionazi supporter. No wonder, they have a lot in common. #zionismisracism https://t.co/pC3WS6qvSM",1,poparaadnan,2019-02-14 13:25:01+00:00,1,ZioNazi,"Surprise surprise, another right-winger neonazi is ardent zionazi supporter. No wonder, they have a lot in common. #zionismisracism https://t.co/pC3WS6qvSM",1
1143287829243596800,nicegook,2019-06-24 22:40:34+00:00,1,ZioNazi,Example of zionazi soldier�s courage ... https://t.co/bGe7oUvVgv,1,nicegook,2019-06-24 22:40:34+00:00,1,ZioNazi,Example of zionazi soldier�s courage ... https://t.co/bGe7oUvVgv,1,nicegook,2019-06-24 22:40:34+00:00,1,ZioNazi,Example of zionazi soldier�s courage ... https://t.co/bGe7oUvVgv,1
1122994928299036677,haltam_h,2019-04-29 22:43:49+00:00,1,ZioNazi,@AManInTheSun These ongoing provocations is how wars begin. I bet the zionazis are itching.,1,haltam_h,2019-04-29 22:43:49+00:00,1,ZioNazi,@AManInTheSun These ongoing provocations is how wars begin. I bet the zionazis are itching.,1,haltam_h,2019-04-29 22:43:49+00:00,1,ZioNazi,@AManInTheSun These ongoing provocations is how wars begin. I bet the zionazis are itching.,1
1248876680946597890,aust_toni,2020-04-11 07:32:58+00:00,1,ZioNazi,"@PolhomeEditor if You are not a Jew, they discriminate You!  boycott zioNaZis! https://t.co/wObwGxfoDb",1,aust_toni,2020-04-11 07:32:58+00:00,1,ZioNazi,"@PolhomeEditor if You are not a Jew, they discriminate You!  boycott zioNaZis! https://t.co/wObwGxfoDb",1,aust_toni,2020-04-11 07:32:58+00:00,1,ZioNazi,"@PolhomeEditor if You are not a Jew, they discriminate You!  boycott zioNaZis! https://t.co/wObwGxfoDb",1
1127682216950149121,plynch1036,2019-05-12 21:09:26+00:00,1,ZioNazi,What would you expect from Zionazi�s the kill brown people for a fucking imaginary divine right to someone else�s land! Got guns ? https://t.co/7Ze14JSvAK,1,plynch1036,2019-05-12 21:09:26+00:00,1,ZioNazi,What would you expect from Zionazi�s the kill brown people for a fucking imaginary divine right to someone else�s land! Got guns ? https://t.co/7Ze14JSvAK,1,plynch1036,2019-05-12 21:09:26+00:00,1,ZioNazi,What would you expect from Zionazi�s the kill brown people for a fucking imaginary divine right to someone else�s land! Got guns ? https://t.co/7Ze14JSvAK,1
1580600904746962945,JimBest90446812,2022-10-13 16:46:36+00:00,1,Israel,@Africa4Pal Father Abraham condemns this rancor between his children. Neither inheritance not religious practice or anything but bigotry and greed can explain the actions of Israel. And nothing more than corporate greed can explain the US support of the Israeli policies in forcing apartheid.,1,JimBest90446812,2022-10-13 16:46:36+00:00,1,Israel,@Africa4Pal Father Abraham condemns this rancor between his children. Neither inheritance not religious practice or anything but bigotry and greed can explain the actions of Israel. And nothing more than corporate greed can explain the US support of the Israeli policies in forcing apartheid.,1,JimBest90446812,2022-10-13 16:46:36+00:00,1,Israel,@Africa4Pal Father Abraham condemns this rancor between his children. Neither inheritance not religious practice or anything but bigotry and greed can explain the actions of Israel. And nothing more than corporate greed can explain the US support of the Israeli policies in forcing apartheid.,1
1228145100737347585,StephieGilley,2020-02-14 02:33:04+00:00,1,ZioNazi,@PaulSorrentino3 They are ZioNazis,1,StephieGilley,2020-02-14 02:33:04+00:00,1,ZioNazi,@PaulSorrentino3 They are ZioNazis,1,StephieGilley,2020-02-14 02:33:04+00:00,1,ZioNazi,@PaulSorrentino3 They are ZioNazis,1
1172936242243219456,peteno8,2019-09-14 18:12:46+00:00,1,ZioNazi,@LoveBling6 The USA is enabling the Zionazi Israeli government by recognising Jarusalem as the capital (US embassy) they are also facilitating Noahide law.\n\nThese are all parts of the lucifarian/abrahamic prophecy the deep state has been so conscientiously developing and creating?,1,peteno8,2019-09-14 18:12:46+00:00,1,ZioNazi,@LoveBling6 The USA is enabling the Zionazi Israeli government by recognising Jarusalem as the capital (US embassy) they are also facilitating Noahide law.\n\nThese are all parts of the lucifarian/abrahamic prophecy the deep state has been so conscientiously developing and creating?,1,peteno8,2019-09-14 18:12:46+00:00,1,ZioNazi,@LoveBling6 The USA is enabling the Zionazi Israeli government by recognising Jarusalem as the capital (US embassy) they are also facilitating Noahide law.\n\nThese are all parts of the lucifarian/abrahamic prophecy the deep state has been so conscientiously developing and creating?,1
1560975239793836034,FarhanS74,2022-08-20 13:01:13+00:00,1,Jews,"RT @Africa4Pal: To Young Israeli Jews who denounce Israel and its apartheid army, we salute you.   #FreePalestine https://t.co/kxWQmnttjN",1,FarhanS74,2022-08-20 13:01:13+00:00,1,Jews,"RT @Africa4Pal: To Young Israeli Jews who denounce Israel and its apartheid army, we salute you.   #FreePalestine https://t.co/kxWQmnttjN",1,FarhanS74,2022-08-20 13:01:13+00:00,1,Jews,"RT @Africa4Pal: To Young Israeli Jews who denounce Israel and its apartheid army, we salute you.   #FreePalestine https://t.co/kxWQmnttjN",1
1217950474072027136,Max_Gross,2020-01-16 23:23:16+00:00,1,ZioNazi,Zionazis #IsraelCrimes,1,Max_Gross,2020-01-16 23:23:16+00:00,1,ZioNazi,Zionazis #IsraelCrimes,1,Max_Gross,2020-01-16 23:23:16+00:00,1,ZioNazi,Zionazis #IsraelCrimes,1
1202763698324070401,TheAesculapius,2019-12-06 01:36:26+00:00,1,ZioNazi,"@Meg4Truth @HawleyMO @realDonaldTrump Well, #Iran is in the Zionazis sick list which we are somehow required to follow. Sad .@40_Ronda",1,TheAesculapius,2019-12-06 01:36:26+00:00,1,ZioNazi,"@Meg4Truth @HawleyMO @realDonaldTrump Well, #Iran is in the Zionazis sick list which we are somehow required to follow. Sad .@40_Ronda",1,TheAesculapius,2019-12-06 01:36:26+00:00,1,ZioNazi,"@Meg4Truth @HawleyMO @realDonaldTrump Well, #Iran is in the Zionazis sick list which we are somehow required to follow. Sad .@40_Ronda",1
1392739599366213632,i_confuser,2021-05-13 07:12:50+00:00,1,Israel,"RT @RATMofficial: The violence and atrocities we are witnessing in Sheikh Jarrah, the Al Aqsa compound and Gaza are a continuation of decades of Israel’s brutal apartheid and violent occupation of Palestine.",1,i_confuser,2021-05-13 07:12:50+00:00,1,Israel,"RT @RATMofficial: The violence and atrocities we are witnessing in Sheikh Jarrah, the Al Aqsa compound and Gaza are a continuation of decades of Israel’s brutal apartheid and violent occupation of Palestine.",1,i_confuser,2021-05-13 07:12:50+00:00,1,Israel,"RT @RATMofficial: The violence and atrocities we are witnessing in Sheikh Jarrah, the Al Aqsa compound and Gaza are a continuation of decades of Israel’s brutal apartheid and violent occupation of Palestine.",1
1233597018146082816,mohd_shakeel021,2020-02-29 03:37:02+00:00,1,ZioNazi,"This Fake #Arab TV &amp; all ZioNazi media are screaming but #Assad &amp; #Putin have all rights under international law to kick out foreign invaders - Turkey, the USA and ZioNazi Israel NOW. Why don't they? (33 Turkish soldiers killed in Syrian air raid in Idlib https://t.co/0dSC4hk9UF",1,mohd_shakeel021,2020-02-29 03:37:02+00:00,1,ZioNazi,"This Fake #Arab TV &amp; all ZioNazi media are screaming but #Assad &amp; #Putin have all rights under international law to kick out foreign invaders - Turkey, the USA and ZioNazi Israel NOW. Why don't they? (33 Turkish soldiers killed in Syrian air raid in Idlib https://t.co/0dSC4hk9UF",1,mohd_shakeel021,2020-02-29 03:37:02+00:00,1,ZioNazi,"This Fake #Arab TV &amp; all ZioNazi media are screaming but #Assad &amp; #Putin have all rights under international law to kick out foreign invaders - Turkey, the USA and ZioNazi Israel NOW. Why don't they? (33 Turkish soldiers killed in Syrian air raid in Idlib https://t.co/0dSC4hk9UF",1
1118418805905154051,theforeverman,2019-04-17 07:39:57+00:00,1,ZioNazi,#Facebook is just another ZioNazi run propaganda tool of the #Orwellian US empire Deep State..(Outspoken Ecuadorian ex-president Rafael #Correa�s Facebook page blocked)  https://t.co/JHSTmbk14t #CapeTown #SouthAfrica,1,theforeverman,2019-04-17 07:39:57+00:00,1,ZioNazi,#Facebook is just another ZioNazi run propaganda tool of the #Orwellian US empire Deep State..(Outspoken Ecuadorian ex-president Rafael #Correa�s Facebook page blocked)  https://t.co/JHSTmbk14t #CapeTown #SouthAfrica,1,theforeverman,2019-04-17 07:39:57+00:00,1,ZioNazi,#Facebook is just another ZioNazi run propaganda tool of the #Orwellian US empire Deep State..(Outspoken Ecuadorian ex-president Rafael #Correa�s Facebook page blocked)  https://t.co/JHSTmbk14t #CapeTown #SouthAfrica,1
1505771245408727040,vision_west,2022-03-21 05:00:15+00:00,1,Israel,"In a recent�report to the United Nations, the US-based Harvard Law School has recognized Israel as an apartheid regime, joining an array of organizations labelling Israel as such for its practices of apartheid in occupied Palestine. https://t.co/2zM1NDN7ci",1,vision_west,2022-03-21 05:00:15+00:00,1,Israel,"In a recent�report to the United Nations, the US-based Harvard Law School has recognized Israel as an apartheid regime, joining an array of organizations labelling Israel as such for its practices of apartheid in occupied Palestine. https://t.co/2zM1NDN7ci",1,vision_west,2022-03-21 05:00:15+00:00,1,Israel,"In a recent�report to the United Nations, the US-based Harvard Law School has recognized Israel as an apartheid regime, joining an array of organizations labelling Israel as such for its practices of apartheid in occupied Palestine. https://t.co/2zM1NDN7ci",1
1124796842854768640,comptonhali,2019-05-04 22:03:59+00:00,1,ZioNazi,@IDF Child killing zionazi pig liars! #FreeGaza #BDS,1,comptonhali,2019-05-04 22:03:59+00:00,1,ZioNazi,@IDF Child killing zionazi pig liars! #FreeGaza #BDS,1,comptonhali,2019-05-04 22:03:59+00:00,1,ZioNazi,@IDF Child killing zionazi pig liars! #FreeGaza #BDS,1
1108440129318711297,PuRpLePoSsE,2019-03-20 18:48:15+00:00,1,ZioNazi,@jdwstangs3 @ShehabAgencyEn What a load of tripple dipped hasbara BS you zionazis choose to believe &amp; regurgitate. Everyone has eyes &amp; ears and can see for themselves the evil arpatheid terrorism you're inflicting on Palestine &amp; its people. You are the synagogue of satan &amp; the whole world is now watching??,1,PuRpLePoSsE,2019-03-20 18:48:15+00:00,1,ZioNazi,@jdwstangs3 @ShehabAgencyEn What a load of tripple dipped hasbara BS you zionazis choose to believe &amp; regurgitate. Everyone has eyes &amp; ears and can see for themselves the evil arpatheid terrorism you're inflicting on Palestine &amp; its people. You are the synagogue of satan &amp; the whole world is now watching??,1,PuRpLePoSsE,2019-03-20 18:48:15+00:00,1,ZioNazi,@jdwstangs3 @ShehabAgencyEn What a load of tripple dipped hasbara BS you zionazis choose to believe &amp; regurgitate. Everyone has eyes &amp; ears and can see for themselves the evil arpatheid terrorism you're inflicting on Palestine &amp; its people. You are the synagogue of satan &amp; the whole world is now watching??,1
1111724411525230592,o_Abduh_o_tp,2019-03-29 20:18:49+00:00,1,ZioNazi,@Jodicasey8 @sjabulhawa Typical clueless ZioNazi diatribe!,1,o_Abduh_o_tp,2019-03-29 20:18:49+00:00,1,ZioNazi,@Jodicasey8 @sjabulhawa Typical clueless ZioNazi diatribe!,1,o_Abduh_o_tp,2019-03-29 20:18:49+00:00,1,ZioNazi,@Jodicasey8 @sjabulhawa Typical clueless ZioNazi diatribe!,1
1345235597749854208,bxcommie,2021-01-02 05:08:54+00:00,1,Israel,"@AOC Violence is voting for a bill that funds apartheid Israel, colonization of Palestine &amp; imperialism/coups in Latin America.",1,bxcommie,2021-01-02 05:08:54+00:00,1,Israel,"@AOC Violence is voting for a bill that funds apartheid Israel, colonization of Palestine &amp; imperialism/coups in Latin America.",1,bxcommie,2021-01-02 05:08:54+00:00,1,Israel,"@AOC Violence is voting for a bill that funds apartheid Israel, colonization of Palestine &amp; imperialism/coups in Latin America.",1
1116712628464881664,hmedsix,2019-04-12 14:40:12+00:00,1,ZioNazi,@RepLeeZeldin We should also reject ZioNazis.,1,hmedsix,2019-04-12 14:40:12+00:00,1,ZioNazi,@RepLeeZeldin We should also reject ZioNazis.,1,hmedsix,2019-04-12 14:40:12+00:00,1,ZioNazi,@RepLeeZeldin We should also reject ZioNazis.,1
1125213638363615233,Anderson_Law,2019-05-06 01:40:11+00:00,1,ZioNazi,@BillFarnsworth7 Maybe the zionazi likes the word blockade better.,1,Anderson_Law,2019-05-06 01:40:11+00:00,1,ZioNazi,@BillFarnsworth7 Maybe the zionazi likes the word blockade better.,1,Anderson_Law,2019-05-06 01:40:11+00:00,1,ZioNazi,@BillFarnsworth7 Maybe the zionazi likes the word blockade better.,1
1228538842275336193,hamster300172,2020-02-15 04:37:39+00:00,1,ZioNazi,@Bob12958595 @IDF The zionazi IDF are ??,1,hamster300172,2020-02-15 04:37:39+00:00,1,ZioNazi,@Bob12958595 @IDF The zionazi IDF are ??,1,hamster300172,2020-02-15 04:37:39+00:00,1,ZioNazi,@Bob12958595 @IDF The zionazi IDF are ??,1
1149277399785398272,FernandoFalco3,2019-07-11 11:20:59+00:00,1,ZioNazi,@swilkinsonbc Zionazis theft ??,1,FernandoFalco3,2019-07-11 11:20:59+00:00,1,ZioNazi,@swilkinsonbc Zionazis theft ??,1,FernandoFalco3,2019-07-11 11:20:59+00:00,1,ZioNazi,@swilkinsonbc Zionazis theft ??,1
1190151161535315969,360CNN,2019-11-01 06:18:43+00:00,1,ZioNazi,'Defend International Law' Petition Demands Norway Impose Sanctions on the ultra racist ZioNazi led Apartheid Israel serial criminal State. https://t.co/XcIQVYxOde,1,360CNN,2019-11-01 06:18:43+00:00,1,ZioNazi,'Defend International Law' Petition Demands Norway Impose Sanctions on the ultra racist ZioNazi led Apartheid Israel serial criminal State. https://t.co/XcIQVYxOde,1,360CNN,2019-11-01 06:18:43+00:00,1,ZioNazi,'Defend International Law' Petition Demands Norway Impose Sanctions on the ultra racist ZioNazi led Apartheid Israel serial criminal State. https://t.co/XcIQVYxOde,1
1140862466634608640,IronHorseman101,2019-06-18 06:03:02+00:00,1,ZioNazi,"The Zionazi US and Zionazi Israel may start a war in Iran, but it will end when the Zionazi US and Zionazi Israel are destroyed by any means necessary. https://t.co/bF0n8H2iMu",1,IronHorseman101,2019-06-18 06:03:02+00:00,1,ZioNazi,"The Zionazi US and Zionazi Israel may start a war in Iran, but it will end when the Zionazi US and Zionazi Israel are destroyed by any means necessary. https://t.co/bF0n8H2iMu",1,IronHorseman101,2019-06-18 06:03:02+00:00,1,ZioNazi,"The Zionazi US and Zionazi Israel may start a war in Iran, but it will end when the Zionazi US and Zionazi Israel are destroyed by any means necessary. https://t.co/bF0n8H2iMu",1
1154759460386156545,theforeverman,2019-07-26 14:24:44+00:00,1,ZioNazi,"...while corrupt, craven #Arab, #Muslim &amp; #UN govts all look the other way, blackmailed &amp; bribed by the ZioNazi entity &amp; its US regime..#CapeTown #SouthAfrica https://t.co/4Ty33D062o",1,theforeverman,2019-07-26 14:24:44+00:00,1,ZioNazi,"...while corrupt, craven #Arab, #Muslim &amp; #UN govts all look the other way, blackmailed &amp; bribed by the ZioNazi entity &amp; its US regime..#CapeTown #SouthAfrica https://t.co/4Ty33D062o",1,theforeverman,2019-07-26 14:24:44+00:00,1,ZioNazi,"...while corrupt, craven #Arab, #Muslim &amp; #UN govts all look the other way, blackmailed &amp; bribed by the ZioNazi entity &amp; its US regime..#CapeTown #SouthAfrica https://t.co/4Ty33D062o",1
1173315850226417664,komiikom,2019-09-15 19:21:12+00:00,1,ZioNazi,"@codepink Since Zionazi #terrorUSt$ ideologues of #USrael have yet to get the U.S. beyond economic war sanctions on Iran and on to terrorUSt$' full-scale warfare on Iran, the tactic now has to be getting Zionazi proxy Saudi Arabia to war on Iran.",1,komiikom,2019-09-15 19:21:12+00:00,1,ZioNazi,"@codepink Since Zionazi #terrorUSt$ ideologues of #USrael have yet to get the U.S. beyond economic war sanctions on Iran and on to terrorUSt$' full-scale warfare on Iran, the tactic now has to be getting Zionazi proxy Saudi Arabia to war on Iran.",1,komiikom,2019-09-15 19:21:12+00:00,1,ZioNazi,"@codepink Since Zionazi #terrorUSt$ ideologues of #USrael have yet to get the U.S. beyond economic war sanctions on Iran and on to terrorUSt$' full-scale warfare on Iran, the tactic now has to be getting Zionazi proxy Saudi Arabia to war on Iran.",1
1445042996408246275,sangwanarun,2021-10-04 11:07:52+00:00,1,Israel,"@btselem As a Prof of Ethics. It's worse than #Apartheid State of Israel committing War Crimes against little childern.   Trolls at my youtube ask why a Indian #Hindu stands for Palestinians. Sorry, my religion is Humanity. My hero is Gandhi. Fight with intellect. https://t.co/28NgpHwXBJ",1,sangwanarun,2021-10-04 11:07:52+00:00,1,Israel,"@btselem As a Prof of Ethics. It's worse than #Apartheid State of Israel committing War Crimes against little childern.   Trolls at my youtube ask why a Indian #Hindu stands for Palestinians. Sorry, my religion is Humanity. My hero is Gandhi. Fight with intellect. https://t.co/28NgpHwXBJ",1,sangwanarun,2021-10-04 11:07:52+00:00,1,Israel,"@btselem As a Prof of Ethics. It's worse than #Apartheid State of Israel committing War Crimes against little childern.   Trolls at my youtube ask why a Indian #Hindu stands for Palestinians. Sorry, my religion is Humanity. My hero is Gandhi. Fight with intellect. https://t.co/28NgpHwXBJ",1
1217217705675304960,newways0,2020-01-14 22:51:30+00:00,1,Jews,She's not holding all Jews collectively responsible for actions of #Israel but self appointed leaders &amp; supporters of the #apartheid regime &amp; illegal settlements. \nBy the way thanks for accepting that Israeli actions against #Palestinians are despicable. https://t.co/9TNMoYDj7H,1,newways0,2020-01-14 22:51:30+00:00,1,Jews,She's not holding all Jews collectively responsible for actions of #Israel but self appointed leaders &amp; supporters of the #apartheid regime &amp; illegal settlements. \nBy the way thanks for accepting that Israeli actions against #Palestinians are despicable. https://t.co/9TNMoYDj7H,1,newways0,2020-01-14 22:51:30+00:00,1,Jews,She's not holding all Jews collectively responsible for actions of #Israel but self appointed leaders &amp; supporters of the #apartheid regime &amp; illegal settlements. \nBy the way thanks for accepting that Israeli actions against #Palestinians are despicable. https://t.co/9TNMoYDj7H,1
1591811586175664131,DrImanArab,2022-11-13 15:13:51+00:00,1,Israel,"RT @OnlinePalEng: In a tweet, Former Australian foreign minister Bob Carr wrote, “Of course Israel practices apartheid.� https://t.co/iEhWlTMZm1",1,DrImanArab,2022-11-13 15:13:51+00:00,1,Israel,"RT @OnlinePalEng: In a tweet, Former Australian foreign minister Bob Carr wrote, “Of course Israel practices apartheid.� https://t.co/iEhWlTMZm1",1,DrImanArab,2022-11-13 15:13:51+00:00,1,Israel,"RT @OnlinePalEng: In a tweet, Former Australian foreign minister Bob Carr wrote, “Of course Israel practices apartheid.� https://t.co/iEhWlTMZm1",1
1129815718487314437,corjoy,2019-05-18 18:27:12+00:00,1,ZioNazi,"@Schwarzenegger Anyone who supports the racist apartheid colonial terrorist ZioNazi brutal vile murdering regime-Who ethnically cleanses indigenous Palestinian ppl daily esp kids have no morals,integrity,dignity or self respect! Shame on you! Ur as guilty w/blood stained hands 4 being complicit!",1,corjoy,2019-05-18 18:27:12+00:00,1,ZioNazi,"@Schwarzenegger Anyone who supports the racist apartheid colonial terrorist ZioNazi brutal vile murdering regime-Who ethnically cleanses indigenous Palestinian ppl daily esp kids have no morals,integrity,dignity or self respect! Shame on you! Ur as guilty w/blood stained hands 4 being complicit!",1,corjoy,2019-05-18 18:27:12+00:00,1,ZioNazi,"@Schwarzenegger Anyone who supports the racist apartheid colonial terrorist ZioNazi brutal vile murdering regime-Who ethnically cleanses indigenous Palestinian ppl daily esp kids have no morals,integrity,dignity or self respect! Shame on you! Ur as guilty w/blood stained hands 4 being complicit!",1
1250166932768088064,Max_Gross,2020-04-14 20:59:58+00:00,1,ZioNazi,@DavidGr07837209 @PalestineChron Zionazis #BDS #IsraeliCrimes,1,Max_Gross,2020-04-14 20:59:58+00:00,1,ZioNazi,@DavidGr07837209 @PalestineChron Zionazis #BDS #IsraeliCrimes,1,Max_Gross,2020-04-14 20:59:58+00:00,1,ZioNazi,@DavidGr07837209 @PalestineChron Zionazis #BDS #IsraeliCrimes,1
1619898575294730240,YaudatTalyi,2023-01-30 03:21:31+00:00,1,Israel,"Note that I always now use the term Zionist State, or Zionists, not ""Israel."" Why? Because nobody can show me ""Israel"" on a map. It's a nation with no declared borders, which means it's not a nation at all.",1,YaudatTalyi,2023-01-30 03:21:31+00:00,1,Israel,"Note that I always now use the term Zionist State, or Zionists, not ""Israel."" Why? Because nobody can show me ""Israel"" on a map. It's a nation with no declared borders, which means it's not a nation at all.",1,YaudatTalyi,2023-01-30 03:21:31+00:00,1,Israel,"Note that I always now use the term Zionist State, or Zionists, not ""Israel."" Why? Because nobody can show me ""Israel"" on a map. It's a nation with no declared borders, which means it's not a nation at all.",1
1244685065470107648,Nables_S,2020-03-30 17:56:59+00:00,1,ZioNazi,@wherepond @Tibou12379939 @JuanCalosoooooo @parallelpond This Zionazi criminal is the most wanted terrorist on earth .,1,Nables_S,2020-03-30 17:56:59+00:00,1,ZioNazi,@wherepond @Tibou12379939 @JuanCalosoooooo @parallelpond This Zionazi criminal is the most wanted terrorist on earth .,1,Nables_S,2020-03-30 17:56:59+00:00,1,ZioNazi,@wherepond @Tibou12379939 @JuanCalosoooooo @parallelpond This Zionazi criminal is the most wanted terrorist on earth .,1
1207082745127559169,yeny0207,2019-12-17 23:38:47+00:00,1,ZioNazi,"Palestinian Abdullah Abu Nasr, executed by Israeli zionazis for the crime of being curious\n?? on his own land\n#Murder\n#BDS\n#GroupPalestine\n#????_???????\nhttps://t.co/d6DShuFkpz",1,yeny0207,2019-12-17 23:38:47+00:00,1,ZioNazi,"Palestinian Abdullah Abu Nasr, executed by Israeli zionazis for the crime of being curious\n?? on his own land\n#Murder\n#BDS\n#GroupPalestine\n#????_???????\nhttps://t.co/d6DShuFkpz",1,yeny0207,2019-12-17 23:38:47+00:00,1,ZioNazi,"Palestinian Abdullah Abu Nasr, executed by Israeli zionazis for the crime of being curious\n?? on his own land\n#Murder\n#BDS\n#GroupPalestine\n#????_???????\nhttps://t.co/d6DShuFkpz",1
1541730204648935425,WaymolWazza,2022-06-28 10:28:19+00:00,1,Israel,RT @Robert_Martin72: This is the perfect advertising for Apartheid Israel. https://t.co/JD2zS9vfVJ,1,WaymolWazza,2022-06-28 10:28:19+00:00,1,Israel,RT @Robert_Martin72: This is the perfect advertising for Apartheid Israel. https://t.co/JD2zS9vfVJ,1,WaymolWazza,2022-06-28 10:28:19+00:00,1,Israel,RT @Robert_Martin72: This is the perfect advertising for Apartheid Israel. https://t.co/JD2zS9vfVJ,1
1227756415877513217,RedSimpson3,2020-02-13 00:48:34+00:00,1,ZioNazi,@sahouraxo Apartheid israel = zionazi hellhole,1,RedSimpson3,2020-02-13 00:48:34+00:00,1,ZioNazi,@sahouraxo Apartheid israel = zionazi hellhole,1,RedSimpson3,2020-02-13 00:48:34+00:00,1,ZioNazi,@sahouraxo Apartheid israel = zionazi hellhole,1
1140655277261373441,HFtards,2019-06-17 16:19:45+00:00,1,ZioNazi,@walid970721 @Gerrrty UN says it's Syria! !! Golan is illegally occupied by Zionazis,1,HFtards,2019-06-17 16:19:45+00:00,1,ZioNazi,@walid970721 @Gerrrty UN says it's Syria! !! Golan is illegally occupied by Zionazis,1,HFtards,2019-06-17 16:19:45+00:00,1,ZioNazi,@walid970721 @Gerrrty UN says it's Syria! !! Golan is illegally occupied by Zionazis,1
1248359393248280577,theforeverman,2020-04-09 21:17:27+00:00,1,ZioNazi,"#Trump is far more concerned with how he can continue getting campaign $$ from his ZioNazi sugar daddy, #Adelson,  &amp; #AIPAC than he is about #Covid19. How else do you explain his new sanctions on Iran etc, and his lackadaisical anti Covid moves? #Capetown #SouthAfrica",1,theforeverman,2020-04-09 21:17:27+00:00,1,ZioNazi,"#Trump is far more concerned with how he can continue getting campaign $$ from his ZioNazi sugar daddy, #Adelson,  &amp; #AIPAC than he is about #Covid19. How else do you explain his new sanctions on Iran etc, and his lackadaisical anti Covid moves? #Capetown #SouthAfrica",1,theforeverman,2020-04-09 21:17:27+00:00,1,ZioNazi,"#Trump is far more concerned with how he can continue getting campaign $$ from his ZioNazi sugar daddy, #Adelson,  &amp; #AIPAC than he is about #Covid19. How else do you explain his new sanctions on Iran etc, and his lackadaisical anti Covid moves? #Capetown #SouthAfrica",1
1198203290707582977,kiwianna111,2019-11-23 11:35:00+00:00,1,ZioNazi,@Betelgeuse100 @helenoferraz ZioNazi gangsters are not bothered by laws. They only apply to the goyim.,1,kiwianna111,2019-11-23 11:35:00+00:00,1,ZioNazi,@Betelgeuse100 @helenoferraz ZioNazi gangsters are not bothered by laws. They only apply to the goyim.,1,kiwianna111,2019-11-23 11:35:00+00:00,1,ZioNazi,@Betelgeuse100 @helenoferraz ZioNazi gangsters are not bothered by laws. They only apply to the goyim.,1
1326859475219832832,seb293,2020-11-12 12:08:45+00:00,1,Jews,How the Labour Party's witch-hunters target Jews who stand up for rights of Palestinians and oppose Israeli apartheid.  Read this excellent investigation. You won't find it in the Guardian or on the BBC.\nhttps://t.co/zbJu0OrQ3Z,1,seb293,2020-11-12 12:08:45+00:00,1,Jews,How the Labour Party's witch-hunters target Jews who stand up for rights of Palestinians and oppose Israeli apartheid.  Read this excellent investigation. You won't find it in the Guardian or on the BBC.\nhttps://t.co/zbJu0OrQ3Z,1,seb293,2020-11-12 12:08:45+00:00,1,Jews,How the Labour Party's witch-hunters target Jews who stand up for rights of Palestinians and oppose Israeli apartheid.  Read this excellent investigation. You won't find it in the Guardian or on the BBC.\nhttps://t.co/zbJu0OrQ3Z,1
1116640686948921344,ironyiet,2019-04-12 09:54:20+00:00,1,ZioNazi,"@juniorsopra1 @GabyVerdier ZioNazis reached the semi-moon (half-Moon) of their salafist Saudi friends, never-ever the Moon... ;-)",1,ironyiet,2019-04-12 09:54:20+00:00,1,ZioNazi,"@juniorsopra1 @GabyVerdier ZioNazis reached the semi-moon (half-Moon) of their salafist Saudi friends, never-ever the Moon... ;-)",1,ironyiet,2019-04-12 09:54:20+00:00,1,ZioNazi,"@juniorsopra1 @GabyVerdier ZioNazis reached the semi-moon (half-Moon) of their salafist Saudi friends, never-ever the Moon... ;-)",1
1525217594482958337,Chromeheadrider,2022-05-13 20:53:06+00:00,1,Israel,@NikaMelkozerova This is the fucking obscene of the Israel Apartheid regime.,1,Chromeheadrider,2022-05-13 20:53:06+00:00,1,Israel,@NikaMelkozerova This is the fucking obscene of the Israel Apartheid regime.,1,Chromeheadrider,2022-05-13 20:53:06+00:00,1,Israel,@NikaMelkozerova This is the fucking obscene of the Israel Apartheid regime.,1
1153364485278593024,HoffmanMichaelA,2019-07-22 18:01:36+00:00,1,ZioNazi,"#NYTmes &amp; #FoxNews don't report on Neo-Nazi, Hitler-worshipping Israeli rabbis. They suppress news about ZioNazis to protect true nature of counterfeit �Israel� from exposure. \nHitler was trained in occult Kabbalah. Talmud and Kabbalah are progenitors of the West's racist dogma. https://t.co/WVzuDotcKM",1,HoffmanMichaelA,2019-07-22 18:01:36+00:00,1,ZioNazi,"#NYTmes &amp; #FoxNews don't report on Neo-Nazi, Hitler-worshipping Israeli rabbis. They suppress news about ZioNazis to protect true nature of counterfeit �Israel� from exposure. \nHitler was trained in occult Kabbalah. Talmud and Kabbalah are progenitors of the West's racist dogma. https://t.co/WVzuDotcKM",1,HoffmanMichaelA,2019-07-22 18:01:36+00:00,1,ZioNazi,"#NYTmes &amp; #FoxNews don't report on Neo-Nazi, Hitler-worshipping Israeli rabbis. They suppress news about ZioNazis to protect true nature of counterfeit �Israel� from exposure. \nHitler was trained in occult Kabbalah. Talmud and Kabbalah are progenitors of the West's racist dogma. https://t.co/WVzuDotcKM",1
1163107937721577472,kiwianna111,2019-08-18 15:18:36+00:00,1,ZioNazi,@1humanagenda @TheQueenLiberty @TeamUpRGC @Arash42057829 @realDonaldTrump ZioNazi Luciferians,1,kiwianna111,2019-08-18 15:18:36+00:00,1,ZioNazi,@1humanagenda @TheQueenLiberty @TeamUpRGC @Arash42057829 @realDonaldTrump ZioNazi Luciferians,1,kiwianna111,2019-08-18 15:18:36+00:00,1,ZioNazi,@1humanagenda @TheQueenLiberty @TeamUpRGC @Arash42057829 @realDonaldTrump ZioNazi Luciferians,1
1130108025824522241,vkgodoy,2019-05-19 13:48:44+00:00,1,ZioNazi,@actorPrincipal @McMomir Israel = Zionazi,1,vkgodoy,2019-05-19 13:48:44+00:00,1,ZioNazi,@actorPrincipal @McMomir Israel = Zionazi,1,vkgodoy,2019-05-19 13:48:44+00:00,1,ZioNazi,@actorPrincipal @McMomir Israel = Zionazi,1
1097212292893196289,AvianMedia2012,2019-02-17 19:12:50+00:00,1,ZioNazi,@Snowblind_EK @jnj_kahl Zionazi works for me.,1,AvianMedia2012,2019-02-17 19:12:50+00:00,1,ZioNazi,@Snowblind_EK @jnj_kahl Zionazi works for me.,1,AvianMedia2012,2019-02-17 19:12:50+00:00,1,ZioNazi,@Snowblind_EK @jnj_kahl Zionazi works for me.,1
1542857597589528577,DominoLFC,2022-07-01 13:08:10+00:00,1,Israel,"RT @KreaseChan: “Israel’s laws, policies and practices regarding the Palestinian people fulfil the international legal definition of apartheid� - the Presbyterian Church.  They are correct. #EndIsraeliApartheid  https://t.co/w0F46Dtdj5",1,DominoLFC,2022-07-01 13:08:10+00:00,1,Israel,"RT @KreaseChan: “Israel’s laws, policies and practices regarding the Palestinian people fulfil the international legal definition of apartheid� - the Presbyterian Church.  They are correct. #EndIsraeliApartheid  https://t.co/w0F46Dtdj5",1,DominoLFC,2022-07-01 13:08:10+00:00,1,Israel,"RT @KreaseChan: “Israel’s laws, policies and practices regarding the Palestinian people fulfil the international legal definition of apartheid� - the Presbyterian Church.  They are correct. #EndIsraeliApartheid  https://t.co/w0F46Dtdj5",1
1171581987292774400,Max_Gross,2019-09-11 00:31:27+00:00,1,ZioNazi,@wisermann @lesterholt @TuckerCarlson Financing and arming Zionazis does the USA no favours,1,Max_Gross,2019-09-11 00:31:27+00:00,1,ZioNazi,@wisermann @lesterholt @TuckerCarlson Financing and arming Zionazis does the USA no favours,1,Max_Gross,2019-09-11 00:31:27+00:00,1,ZioNazi,@wisermann @lesterholt @TuckerCarlson Financing and arming Zionazis does the USA no favours,1
1245824670487609344,MikeDeanManley,2020-04-02 21:25:22+00:00,1,ZioNazi,"@MartianOvrlord @undeadscribe She's no Zionazi, so absolutely.",1,MikeDeanManley,2020-04-02 21:25:22+00:00,1,ZioNazi,"@MartianOvrlord @undeadscribe She's no Zionazi, so absolutely.",1,MikeDeanManley,2020-04-02 21:25:22+00:00,1,ZioNazi,"@MartianOvrlord @undeadscribe She's no Zionazi, so absolutely.",1
1174457088451497986,surkg437,2019-09-18 22:56:04+00:00,1,ZioNazi,Lock this fake account @umasubyan behind her is an overlapping zionazi Zionist !!\nFaKe pro Palestina account!!!,1,surkg437,2019-09-18 22:56:04+00:00,1,ZioNazi,Lock this fake account @umasubyan behind her is an overlapping zionazi Zionist !!\nFaKe pro Palestina account!!!,1,surkg437,2019-09-18 22:56:04+00:00,1,ZioNazi,Lock this fake account @umasubyan behind her is an overlapping zionazi Zionist !!\nFaKe pro Palestina account!!!,1
1185596061399695360,ec82d88f157f4ba,2019-10-19 16:38:23+00:00,1,ZioNazi,"Omg... First destroy the economy, then cut electricity because they cannot pay for it... Such a Zionazi thing to do... It's a fucking slow genocide. https://t.co/OVqnza311e",1,ec82d88f157f4ba,2019-10-19 16:38:23+00:00,1,ZioNazi,"Omg... First destroy the economy, then cut electricity because they cannot pay for it... Such a Zionazi thing to do... It's a fucking slow genocide. https://t.co/OVqnza311e",1,ec82d88f157f4ba,2019-10-19 16:38:23+00:00,1,ZioNazi,"Omg... First destroy the economy, then cut electricity because they cannot pay for it... Such a Zionazi thing to do... It's a fucking slow genocide. https://t.co/OVqnza311e",1
1228139936710365186,Usmanzoologist,2020-02-14 02:12:33+00:00,1,ZioNazi,"#Apartheid zionazist... Ethnic cleansing, land seizure, home demolition, military occupation, bombing of Gaza.. Israel is copying South Africa very well  #SobatPalestinaINA  #IsraeliCrimes https://t.co/vYnnnQIG8U",1,Usmanzoologist,2020-02-14 02:12:33+00:00,1,ZioNazi,"#Apartheid zionazist... Ethnic cleansing, land seizure, home demolition, military occupation, bombing of Gaza.. Israel is copying South Africa very well  #SobatPalestinaINA  #IsraeliCrimes https://t.co/vYnnnQIG8U",1,Usmanzoologist,2020-02-14 02:12:33+00:00,1,ZioNazi,"#Apartheid zionazist... Ethnic cleansing, land seizure, home demolition, military occupation, bombing of Gaza.. Israel is copying South Africa very well  #SobatPalestinaINA  #IsraeliCrimes https://t.co/vYnnnQIG8U",1
1199089861317287939,plive_calmer,2019-11-25 22:17:55+00:00,1,Kikes,?? IMO #Syria The media's slanted view of kikes feasibly should have been the bourgeoisie ! Glad :( ?? ?? ?? ?? ?? ? ?? ?? ?? ?? ?? ?,1,plive_calmer,2019-11-25 22:17:55+00:00,1,Kikes,?? IMO #Syria The media's slanted view of kikes feasibly should have been the bourgeoisie ! Glad :( ?? ?? ?? ?? ?? ? ?? ?? ?? ?? ?? ?,1,plive_calmer,2019-11-25 22:17:55+00:00,1,Kikes,?? IMO #Syria The media's slanted view of kikes feasibly should have been the bourgeoisie ! Glad :( ?? ?? ?? ?? ?? ? ?? ?? ?? ?? ?? ?,1
1251153688900407296,Ricardo31061999,2020-04-17 14:20:59+00:00,1,ZioNazi,@ChristophGottel Trump's advisor zionazi criminal Kissinger means war ahead.,1,Ricardo31061999,2020-04-17 14:20:59+00:00,1,ZioNazi,@ChristophGottel Trump's advisor zionazi criminal Kissinger means war ahead.,1,Ricardo31061999,2020-04-17 14:20:59+00:00,1,ZioNazi,@ChristophGottel Trump's advisor zionazi criminal Kissinger means war ahead.,1
1507898994843869190,jockykenny,2022-03-27 01:55:10+00:00,1,Israel,"Solidarity with @Lowkey0nline as the Israel lobby tries to silence his courageous and eloquent voice. They describe his material as ""problematic"". Not as problematic as earning your living lobbying for a brutal apartheid state. ?????\nhttps://t.co/bkfktv5F9g",1,jockykenny,2022-03-27 01:55:10+00:00,1,Israel,"Solidarity with @Lowkey0nline as the Israel lobby tries to silence his courageous and eloquent voice. They describe his material as ""problematic"". Not as problematic as earning your living lobbying for a brutal apartheid state. ?????\nhttps://t.co/bkfktv5F9g",1,jockykenny,2022-03-27 01:55:10+00:00,1,Israel,"Solidarity with @Lowkey0nline as the Israel lobby tries to silence his courageous and eloquent voice. They describe his material as ""problematic"". Not as problematic as earning your living lobbying for a brutal apartheid state. ?????\nhttps://t.co/bkfktv5F9g",1
1597686066047516672,HungryFreakDady,2022-11-29 20:16:56+00:00,1,Israel,RT @AliAbunimah: Israel was “born�? Is that Garden language for ethnic cleansing and murder of Palestinians by European Zionist invaders? “Prosperous democracy� is also Gardenese for exploitive apartheid apparently https://t.co/DrbjhElJ3g,1,HungryFreakDady,2022-11-29 20:16:56+00:00,1,Israel,RT @AliAbunimah: Israel was “born�? Is that Garden language for ethnic cleansing and murder of Palestinians by European Zionist invaders? “Prosperous democracy� is also Gardenese for exploitive apartheid apparently https://t.co/DrbjhElJ3g,1,HungryFreakDady,2022-11-29 20:16:56+00:00,1,Israel,RT @AliAbunimah: Israel was “born�? Is that Garden language for ethnic cleansing and murder of Palestinians by European Zionist invaders? “Prosperous democracy� is also Gardenese for exploitive apartheid apparently https://t.co/DrbjhElJ3g,1
1231703043672100865,FeralGlance10,2020-02-23 22:11:04+00:00,1,ZioNazi,@ZACMALDRIDGE @ChristoMac61 @georgegalloway @MoatsTV As long as the Tory party stays blindly obedient to the cause of Zionazi.,1,FeralGlance10,2020-02-23 22:11:04+00:00,1,ZioNazi,@ZACMALDRIDGE @ChristoMac61 @georgegalloway @MoatsTV As long as the Tory party stays blindly obedient to the cause of Zionazi.,1,FeralGlance10,2020-02-23 22:11:04+00:00,1,ZioNazi,@ZACMALDRIDGE @ChristoMac61 @georgegalloway @MoatsTV As long as the Tory party stays blindly obedient to the cause of Zionazi.,1
1619789643331022849,dnxcer,2023-01-29 20:08:39+00:00,1,Israel,"Under International Law Apartheid is defined as ""inhuman acts committed for purpose of establishing + maintaining domination by one racial group of persons over any other racial group of persons + systematically oppressing them"" - That's what Israel does daily to #Palestinians... https://t.co/PYXN02c2Tl",1,dnxcer,2023-01-29 20:08:39+00:00,1,Israel,"Under International Law Apartheid is defined as ""inhuman acts committed for purpose of establishing + maintaining domination by one racial group of persons over any other racial group of persons + systematically oppressing them"" - That's what Israel does daily to #Palestinians... https://t.co/PYXN02c2Tl",1,dnxcer,2023-01-29 20:08:39+00:00,1,Israel,"Under International Law Apartheid is defined as ""inhuman acts committed for purpose of establishing + maintaining domination by one racial group of persons over any other racial group of persons + systematically oppressing them"" - That's what Israel does daily to #Palestinians... https://t.co/PYXN02c2Tl",1
1111718793678647296,AshTheUncanny01,2019-03-29 19:56:29+00:00,1,ZioNazi,@AliDawow It was pretty obvious the moment he admitted to being a zionazi,1,AshTheUncanny01,2019-03-29 19:56:29+00:00,1,ZioNazi,@AliDawow It was pretty obvious the moment he admitted to being a zionazi,1,AshTheUncanny01,2019-03-29 19:56:29+00:00,1,ZioNazi,@AliDawow It was pretty obvious the moment he admitted to being a zionazi,1
1205737320596615168,theforeverman,2019-12-14 06:32:33+00:00,1,ZioNazi,"Asking this US ZioNazi colony's #German govt to 'strongly reject' US sanctions is like asking a prisoner to strongly reject prison (#NordStream 2: Chiding is Not Enough, German Gov't Should Strongly Reject US Sanctions � Politician): https://t.co/CgDsfmHHXo #CapeTown #SouthAfrica",1,theforeverman,2019-12-14 06:32:33+00:00,1,ZioNazi,"Asking this US ZioNazi colony's #German govt to 'strongly reject' US sanctions is like asking a prisoner to strongly reject prison (#NordStream 2: Chiding is Not Enough, German Gov't Should Strongly Reject US Sanctions � Politician): https://t.co/CgDsfmHHXo #CapeTown #SouthAfrica",1,theforeverman,2019-12-14 06:32:33+00:00,1,ZioNazi,"Asking this US ZioNazi colony's #German govt to 'strongly reject' US sanctions is like asking a prisoner to strongly reject prison (#NordStream 2: Chiding is Not Enough, German Gov't Should Strongly Reject US Sanctions � Politician): https://t.co/CgDsfmHHXo #CapeTown #SouthAfrica",1
1228988467465474058,Iqbalwaheed17,2020-02-16 10:24:18+00:00,1,ZioNazi,"@philipgiraldi American citizen shot dead by ZioNazis in occupied Palestine &amp; yet our government is SILENT, Fxxxxng unbelievable",1,Iqbalwaheed17,2020-02-16 10:24:18+00:00,1,ZioNazi,"@philipgiraldi American citizen shot dead by ZioNazis in occupied Palestine &amp; yet our government is SILENT, Fxxxxng unbelievable",1,Iqbalwaheed17,2020-02-16 10:24:18+00:00,1,ZioNazi,"@philipgiraldi American citizen shot dead by ZioNazis in occupied Palestine &amp; yet our government is SILENT, Fxxxxng unbelievable",1
1087230482717249536,redcommie,2019-01-21 06:08:41+00:00,1,ZioNazi,"@beautifuIeyesep @ARTPOPAlien_ You're not only stupid, but fucking ugly too...Zionazi piece of trash. probably can't find Iran on a map either.",1,redcommie,2019-01-21 06:08:41+00:00,1,ZioNazi,"@beautifuIeyesep @ARTPOPAlien_ You're not only stupid, but fucking ugly too...Zionazi piece of trash. probably can't find Iran on a map either.",1,redcommie,2019-01-21 06:08:41+00:00,1,ZioNazi,"@beautifuIeyesep @ARTPOPAlien_ You're not only stupid, but fucking ugly too...Zionazi piece of trash. probably can't find Iran on a map either.",1
1165599746096082944,Sohrab64171756,2019-08-25 12:20:09+00:00,1,ZioNazi,"@barbaraslavin1 @AliVaez @FDD @mdubowitz FDD is just another shrill, nauseating offshoot of the ZioNazi lobby in the US. It should not be dignified by being taken seriously in any way. Dumbowitz is a B1TCH who probably has a lot of personal issues which he takes out as hatred towards ordinary Iranians.",1,Sohrab64171756,2019-08-25 12:20:09+00:00,1,ZioNazi,"@barbaraslavin1 @AliVaez @FDD @mdubowitz FDD is just another shrill, nauseating offshoot of the ZioNazi lobby in the US. It should not be dignified by being taken seriously in any way. Dumbowitz is a B1TCH who probably has a lot of personal issues which he takes out as hatred towards ordinary Iranians.",1,Sohrab64171756,2019-08-25 12:20:09+00:00,1,ZioNazi,"@barbaraslavin1 @AliVaez @FDD @mdubowitz FDD is just another shrill, nauseating offshoot of the ZioNazi lobby in the US. It should not be dignified by being taken seriously in any way. Dumbowitz is a B1TCH who probably has a lot of personal issues which he takes out as hatred towards ordinary Iranians.",1
1455054019936751621,urkishika,2021-11-01 02:08:06+00:00,1,Israel,Apartheid Israel field-tests its tools of repression against Indigenous Palestinians and then exports them to criminal regimes worldwide.  @NSOgroup's #Pegasus spyware is used to target activists &amp; journalists globally.  #MilitaryEmbargo now!  https://t.co/n6D3bEY40I,1,urkishika,2021-11-01 02:08:06+00:00,1,Israel,Apartheid Israel field-tests its tools of repression against Indigenous Palestinians and then exports them to criminal regimes worldwide.  @NSOgroup's #Pegasus spyware is used to target activists &amp; journalists globally.  #MilitaryEmbargo now!  https://t.co/n6D3bEY40I,1,urkishika,2021-11-01 02:08:06+00:00,1,Israel,Apartheid Israel field-tests its tools of repression against Indigenous Palestinians and then exports them to criminal regimes worldwide.  @NSOgroup's #Pegasus spyware is used to target activists &amp; journalists globally.  #MilitaryEmbargo now!  https://t.co/n6D3bEY40I,1
1116098464113258496,360CNN,2019-04-10 21:59:44+00:00,1,ZioNazi,US caused billions of dollars in damage to Venezuela since 2013 and like Nazi Propagandist Gorbals the ZioNazi's blamed the Venezuela Gov for their economic woes and touted USA Humanitarian Efforts. https://t.co/st0u5uVPvQ,1,360CNN,2019-04-10 21:59:44+00:00,1,ZioNazi,US caused billions of dollars in damage to Venezuela since 2013 and like Nazi Propagandist Gorbals the ZioNazi's blamed the Venezuela Gov for their economic woes and touted USA Humanitarian Efforts. https://t.co/st0u5uVPvQ,1,360CNN,2019-04-10 21:59:44+00:00,1,ZioNazi,US caused billions of dollars in damage to Venezuela since 2013 and like Nazi Propagandist Gorbals the ZioNazi's blamed the Venezuela Gov for their economic woes and touted USA Humanitarian Efforts. https://t.co/st0u5uVPvQ,1
1218676507675185152,Annlawr76875381,2020-01-18 23:28:16+00:00,1,Israel,Boris Johnson wants to outlaw #BDS &amp; ban our basic human right to boycott apartheid israel: he doesn't get it; it's a grassroots movement https://t.co/CJBwBRjU93,1,Annlawr76875381,2020-01-18 23:28:16+00:00,1,Israel,Boris Johnson wants to outlaw #BDS &amp; ban our basic human right to boycott apartheid israel: he doesn't get it; it's a grassroots movement https://t.co/CJBwBRjU93,1,Annlawr76875381,2020-01-18 23:28:16+00:00,1,Israel,Boris Johnson wants to outlaw #BDS &amp; ban our basic human right to boycott apartheid israel: he doesn't get it; it's a grassroots movement https://t.co/CJBwBRjU93,1
1194976850893824000,corjoy,2019-11-14 13:54:17+00:00,1,ZioNazi,@peterbayley @djrothkopf All points back to the racist apartheid terrorist colonial vile brutal ZioNazi regime- Putin is controlled by the Russian Zionists who�s loyalty is to Israhell-Zios  1st loyalty is to the deceptive dangerous regime who pays to play-Infiltrates all govts Speak #Truth-#LoveSemites,1,corjoy,2019-11-14 13:54:17+00:00,1,ZioNazi,@peterbayley @djrothkopf All points back to the racist apartheid terrorist colonial vile brutal ZioNazi regime- Putin is controlled by the Russian Zionists who�s loyalty is to Israhell-Zios  1st loyalty is to the deceptive dangerous regime who pays to play-Infiltrates all govts Speak #Truth-#LoveSemites,1,corjoy,2019-11-14 13:54:17+00:00,1,ZioNazi,@peterbayley @djrothkopf All points back to the racist apartheid terrorist colonial vile brutal ZioNazi regime- Putin is controlled by the Russian Zionists who�s loyalty is to Israhell-Zios  1st loyalty is to the deceptive dangerous regime who pays to play-Infiltrates all govts Speak #Truth-#LoveSemites,1
1393618425843535878,FreeTheSoul2,2021-05-15 17:24:59+00:00,1,Israel,"@CBSNews You're shocked but we aren't. That's what Israel is, an Apartheid regime.",1,FreeTheSoul2,2021-05-15 17:24:59+00:00,1,Israel,"@CBSNews You're shocked but we aren't. That's what Israel is, an Apartheid regime.",1,FreeTheSoul2,2021-05-15 17:24:59+00:00,1,Israel,"@CBSNews You're shocked but we aren't. That's what Israel is, an Apartheid regime.",1
1214068982547959809,DJSiri,2020-01-06 06:19:36+00:00,1,ZioNazi,This ZioNazi US Mafia head will use every dirty blackmail trick in the book. The #Iraq people must not cave in.(#Trump threatens Iraq with very big sanctions unless it pays back BILLIONS..) https://t.co/LSmUsqwq4h #CapeTown #SouthAfrica,1,DJSiri,2020-01-06 06:19:36+00:00,1,ZioNazi,This ZioNazi US Mafia head will use every dirty blackmail trick in the book. The #Iraq people must not cave in.(#Trump threatens Iraq with very big sanctions unless it pays back BILLIONS..) https://t.co/LSmUsqwq4h #CapeTown #SouthAfrica,1,DJSiri,2020-01-06 06:19:36+00:00,1,ZioNazi,This ZioNazi US Mafia head will use every dirty blackmail trick in the book. The #Iraq people must not cave in.(#Trump threatens Iraq with very big sanctions unless it pays back BILLIONS..) https://t.co/LSmUsqwq4h #CapeTown #SouthAfrica,1
1130003370796900352,theforeverman,2019-05-19 06:52:52+00:00,1,ZioNazi,"Let's hope so, but who knows how malleable #Erdogan is when it comes to serious ZioNazi US pressure..(�No other options�: US will deliver F-35s, while Turkey will get S-400� and S-500, Erdogan says) https://t.co/qFpBYaRrY4 #CapeTown #SouthAfrica",1,theforeverman,2019-05-19 06:52:52+00:00,1,ZioNazi,"Let's hope so, but who knows how malleable #Erdogan is when it comes to serious ZioNazi US pressure..(�No other options�: US will deliver F-35s, while Turkey will get S-400� and S-500, Erdogan says) https://t.co/qFpBYaRrY4 #CapeTown #SouthAfrica",1,theforeverman,2019-05-19 06:52:52+00:00,1,ZioNazi,"Let's hope so, but who knows how malleable #Erdogan is when it comes to serious ZioNazi US pressure..(�No other options�: US will deliver F-35s, while Turkey will get S-400� and S-500, Erdogan says) https://t.co/qFpBYaRrY4 #CapeTown #SouthAfrica",1
1214066366837403649,theforeverman,2020-01-06 06:09:12+00:00,1,ZioNazi,This ZioNazi US Mafia head will use every dirty blackmail trick in the book. The #Iraq people must not cave in.(#Trump threatens Iraq with �very big sanctions� unless it pays back BILLIONS..) https://t.co/LSmUsqwq4h #CapeTown #SouthAfrica,1,theforeverman,2020-01-06 06:09:12+00:00,1,ZioNazi,This ZioNazi US Mafia head will use every dirty blackmail trick in the book. The #Iraq people must not cave in.(#Trump threatens Iraq with �very big sanctions� unless it pays back BILLIONS..) https://t.co/LSmUsqwq4h #CapeTown #SouthAfrica,1,theforeverman,2020-01-06 06:09:12+00:00,1,ZioNazi,This ZioNazi US Mafia head will use every dirty blackmail trick in the book. The #Iraq people must not cave in.(#Trump threatens Iraq with �very big sanctions� unless it pays back BILLIONS..) https://t.co/LSmUsqwq4h #CapeTown #SouthAfrica,1
1594980898612690946,VincentCantrill,2022-11-22 09:07:34+00:00,1,Israel,"RT @TomLondon6: I am proud of being Jewish  For me being Jewish should mean always being on the side of the oppressed &amp; never the oppressor  I have called out the apartheid regime in Israel/Palestine &amp; the associated murders &amp; ethnic cleansing of Palestinians  FOR THIS, I am called *antisemitic*",1,VincentCantrill,2022-11-22 09:07:34+00:00,1,Israel,"RT @TomLondon6: I am proud of being Jewish  For me being Jewish should mean always being on the side of the oppressed &amp; never the oppressor  I have called out the apartheid regime in Israel/Palestine &amp; the associated murders &amp; ethnic cleansing of Palestinians  FOR THIS, I am called *antisemitic*",1,VincentCantrill,2022-11-22 09:07:34+00:00,1,Israel,"RT @TomLondon6: I am proud of being Jewish  For me being Jewish should mean always being on the side of the oppressed &amp; never the oppressor  I have called out the apartheid regime in Israel/Palestine &amp; the associated murders &amp; ethnic cleansing of Palestinians  FOR THIS, I am called *antisemitic*",1
1109933817853153280,IqbalWaheed8,2019-03-24 21:43:38+00:00,1,ZioNazi,@swilkinsonbc Don't those zionazi snipers have any kind of a moral compass? They shoot and kill unarmed people who are only protesting for their rights.,1,IqbalWaheed8,2019-03-24 21:43:38+00:00,1,ZioNazi,@swilkinsonbc Don't those zionazi snipers have any kind of a moral compass? They shoot and kill unarmed people who are only protesting for their rights.,1,IqbalWaheed8,2019-03-24 21:43:38+00:00,1,ZioNazi,@swilkinsonbc Don't those zionazi snipers have any kind of a moral compass? They shoot and kill unarmed people who are only protesting for their rights.,1
1212942282191564800,SCynyrd,2020-01-03 03:42:30+00:00,1,ZioNazi,Another zionazi pogrom,1,SCynyrd,2020-01-03 03:42:30+00:00,1,ZioNazi,Another zionazi pogrom,1,SCynyrd,2020-01-03 03:42:30+00:00,1,ZioNazi,Another zionazi pogrom,1
1592818450329915393,ShaneABrar,2022-11-16 09:54:46+00:00,1,Israel,"RT @Africa4Pal: Building up to the 2022 #FIFAWorldCup, it’s important to highlight the most racist team in the world, in Apartheid Israel.   #FreePalestine https://t.co/rDmrFYRwvb",1,ShaneABrar,2022-11-16 09:54:46+00:00,1,Israel,"RT @Africa4Pal: Building up to the 2022 #FIFAWorldCup, it’s important to highlight the most racist team in the world, in Apartheid Israel.   #FreePalestine https://t.co/rDmrFYRwvb",1,ShaneABrar,2022-11-16 09:54:46+00:00,1,Israel,"RT @Africa4Pal: Building up to the 2022 #FIFAWorldCup, it’s important to highlight the most racist team in the world, in Apartheid Israel.   #FreePalestine https://t.co/rDmrFYRwvb",1
1233959222305607680,retinaguy,2020-03-01 03:36:19+00:00,1,ZioNazi,@IsmailogluF I think it�s only the Christian Zionist alliance that smoke screens a two state solution. The Zionazis were never serious about it and that�s been clear since the first intifada. Israel has been able to thrive because of the loss of Muslim unity/Khalifa.,1,retinaguy,2020-03-01 03:36:19+00:00,1,ZioNazi,@IsmailogluF I think it�s only the Christian Zionist alliance that smoke screens a two state solution. The Zionazis were never serious about it and that�s been clear since the first intifada. Israel has been able to thrive because of the loss of Muslim unity/Khalifa.,1,retinaguy,2020-03-01 03:36:19+00:00,1,ZioNazi,@IsmailogluF I think it�s only the Christian Zionist alliance that smoke screens a two state solution. The Zionazis were never serious about it and that�s been clear since the first intifada. Israel has been able to thrive because of the loss of Muslim unity/Khalifa.,1
